epoch,time,train/box_loss,train/cls_loss,train/dfl_loss,metrics/precision(B),metrics/recall(B),metrics/mAP50(B),metrics/mAP50-95(B),val/box_loss,val/cls_loss,val/dfl_loss,lr/pg0,lr/pg1,lr/pg2
1,62.2903,1.74587,1.6933,1.4703,0.38334,0.76336,0.60945,0.2761,1.64875,inf,1.54535,0.00052,0.00052,0.00052
2,74.8039,1.64297,1.08546,1.41076,0.32486,0.41777,0.24889,0.10027,2.23469,2.649,2.04526,0.00105475,0.00105475,0.00105475
